{
    "env": {
        "PATH": "$(PATH);$(ProgramFiles(x86))\\Steam"
    },
    "apps": [
        {
            "name": "Desktop",
            "image-path": "desktop.png"
        },
        {
            "name": "Steam Big Picture",
            "detached": [
                "steam steam:\/\/open\/bigpicture"
            ],
            "image-path": "steam.png"
        },
        {
            "name": "CEMU",
            "output": "",
            "cmd": "C:\\tools\\cemu\\Cemu.exe",
            "image-path": ""
        }
    ]
}
